centronv2,tipo_gestao,regiao_im,municipio,comentarios,avaliacoes_ponderadas,promotores_%,neutros_%,detratores_%,nps_tradicional,sentimento_positivo_%,sentimento_negativo_%,score_sentimento,nps_ajustado,divergencia_%,baixa_conf_sent_%,baixa_conf_cat_%
L5200-JUVENTUS,Tocadora/Germinare,Capital,SÃO PAULO,362.0,362.0,64.64088397790056,17.403314917127073,17.955801104972377,46.68508287292818,51.10497237569061,26.519337016574585,24.585635359116022,40.055248618784525,27.900552486187845,40.055248618784525,27.624309392265197
L5017-LEOPOLDINA (0576),Tocadora/Germinare,Capital,SÃO PAULO,415.0,416.0,65.38461538461539,16.105769230769234,18.509615384615387,46.875,54.567307692307686,26.923076923076923,27.644230769230763,41.105769230769226,25.060240963855424,34.69879518072289,24.096385542168676
L5081-VILA OLIMPIA (1345),Tocadora/Germinare,Capital,SÃO PAULO,247.0,249.0,65.46184738955823,19.67871485943775,14.859437751004014,50.602409638554214,53.01204819277109,24.497991967871485,28.514056224899605,43.97590361445783,20.242914979757085,38.05668016194332,22.672064777327936
L5107-MANDAQUI (1521),Tocadora/Germinare,Capital,SÃO PAULO,345.0,345.0,67.2463768115942,17.101449275362317,15.65217391304348,51.59420289855072,54.492753623188406,23.768115942028984,30.72463768115942,45.33333333333333,31.01449275362319,39.130434782608695,28.405797101449277
L5014-ROUXINOL (0567),Tocadora/Germinare,Capital,SÃO PAULO,390.0,390.0,66.41025641025641,18.205128205128204,15.384615384615385,51.02564102564102,57.179487179487175,20.51282051282051,36.666666666666664,46.717948717948715,25.128205128205128,42.30769230769231,27.435897435897438
L5074-VOLUNTARIOS DA PATRIA (1335),Tocadora/Germinare,Capital,SÃO PAULO,423.0,423.0,69.50354609929079,16.78486997635934,13.711583924349883,55.791962174940906,52.00945626477541,26.004728132387704,26.004728132387704,46.85579196217495,29.78723404255319,40.66193853427896,34.2789598108747
L5174-PERI PERI,Tocadora/Germinare,Capital,SÃO PAULO,510.0,510.0,70.3921568627451,13.92156862745098,15.686274509803921,54.705882352941174,54.509803921568626,23.333333333333332,31.176470588235293,47.647058823529406,29.411764705882355,40.19607843137255,27.647058823529413
L5070-BORGES LAGOA (1323),Tocadora/Germinare,Capital,SÃO PAULO,566.0,566.0,69.25795053003534,16.431095406360424,14.310954063604239,54.9469964664311,56.8904593639576,25.618374558303884,31.27208480565372,47.844522968197886,24.02826855123675,35.3356890459364,32.685512367491164
L5007-KLABIN (0496),Tocadora/Germinare,Capital,SÃO PAULO,525.0,525.0,70.66666666666667,13.714285714285715,15.619047619047619,55.04761904761905,56.57142857142857,24.952380952380953,31.619047619047617,48.01904761904761,24.571428571428573,34.66666666666667,28.952380952380953
L5186-VILA DAS MERCES,Regular,Capital,SÃO PAULO,492.0,492.0,68.69918699186992,17.88617886178862,13.414634146341465,55.28455284552846,55.894308943089435,24.59349593495935,31.300813008130085,48.08943089430895,29.065040650406505,38.00813008130081,29.268292682926827
L5082-VILA ANDRADE (1346),Regular,Capital,SÃO PAULO,527.0,527.0,70.20872865275142,15.559772296015181,14.231499051233396,55.97722960151802,56.54648956356736,25.426944971537,31.119544592030362,48.519924098671716,24.47817836812144,33.396584440227706,26.56546489563567
L5067-CHACARA ST. ANTONIO (1318),Tocadora/Germinare,Capital,SÃO PAULO,416.0,417.0,71.46282973621103,14.388489208633093,14.148681055155876,57.31414868105516,54.67625899280576,25.179856115107913,29.496402877697843,48.96882494004796,28.846153846153843,40.86538461538461,29.326923076923077
L5078-CAMPO BELO 2 (1342),Tocadora/Germinare,Capital,SÃO PAULO,444.0,444.0,69.14414414414415,16.666666666666664,14.18918918918919,54.95495495495496,58.55855855855856,23.1981981981982,35.36036036036036,49.07657657657657,22.972972972972975,32.207207207207205,24.774774774774773
L5206-CACHOEIRINHA,Tocadora/Germinare,Capital,SÃO PAULO,477.0,477.0,71.48846960167715,15.09433962264151,13.417190775681343,58.07127882599581,57.65199161425576,26.834381551362686,30.817610062893078,49.895178197064986,25.57651991614256,33.9622641509434,30.398322851153043
L5059-TUTOIA (1294),Tocadora/Germinare,Capital,SÃO PAULO,606.0,606.0,69.3069306930693,18.646864686468646,12.046204620462046,57.260726072607255,55.28052805280528,20.2970297029703,34.98349834983498,50.57755775577557,27.887788778877887,42.9042904290429,32.508250825082506
L5021-VILA SAUDE (0782),Tocadora/Germinare,Capital,SÃO PAULO,659.0,660.0,69.24242424242424,19.393939393939394,11.363636363636363,57.878787878787875,54.6969696969697,20.454545454545457,34.24242424242425,50.78787878787878,29.893778452200305,43.70257966616085,25.644916540212442
L5113-ANASTACIO,Tocadora/Germinare,Capital,SÃO PAULO,523.0,523.0,68.64244741873804,19.694072657743785,11.663479923518166,56.97896749521988,57.17017208413002,20.26768642447419,36.90248565965584,50.95602294455067,28.298279158699806,40.152963671128106,32.88718929254302
L5027-ACLIMACAO (0851),Tocadora/Germinare,Capital,SÃO PAULO,520.0,520.0,70.76923076923077,16.346153846153847,12.884615384615383,57.88461538461539,58.46153846153847,23.653846153846153,34.807692307692314,50.96153846153846,26.53846153846154,39.80769230769231,33.07692307692307
L5020-VILA MARIANA 2 (0779),Regular,Capital,SÃO PAULO,578.0,578.0,70.06920415224913,16.955017301038062,12.975778546712801,57.093425605536325,56.57439446366782,19.72318339100346,36.85121107266436,51.020761245674734,21.972318339100347,33.73702422145329,29.93079584775086
L5152-ALTO DA BOA VISTA,Tocadora/Germinare,Capital,SÃO PAULO,1102.0,1104.0,71.46739130434783,16.1231884057971,12.409420289855072,59.05797101449276,56.79347826086957,22.916666666666664,33.876811594202906,51.5036231884058,28.31215970961887,39.473684210526315,30.30852994555354
L5043-PORTUGAL (1239),Regular,RMSP,SANTO ANDRÉ,453.0,453.0,72.40618101545255,15.673289183222957,11.920529801324504,60.48565121412804,54.083885209713024,23.399558498896248,30.684326710816777,51.54525386313466,32.89183222958057,46.13686534216336,31.346578366445915
L5149-ALTO DA MOOCA,Regular,Capital,SÃO PAULO,704.0,704.0,70.3125,17.47159090909091,12.215909090909092,58.09659090909091,57.38636363636363,21.022727272727273,36.36363636363636,51.57670454545454,28.125,36.93181818181818,31.53409090909091
L5136-RIB.PRETO ALTO DA BOA VISTA,Regular,Interior,RIBEIRÃO PRETO,261.0,261.0,73.18007662835248,11.11111111111111,15.708812260536398,57.47126436781608,60.91954022988506,22.60536398467433,38.31417624521073,51.72413793103448,21.455938697318008,35.24904214559387,34.86590038314176
L5002-ALPHAVILLE (0290),Regular,RMSP,BARUERI,785.0,785.0,71.97452229299363,16.81528662420382,11.210191082802549,60.764331210191074,54.64968152866242,22.67515923566879,31.97452229299363,52.12738853503184,28.280254777070063,41.146496815286625,31.337579617834393
L5033-SANTANA (0868),Tocadora/Germinare,Capital,SÃO PAULO,316.0,316.0,72.46835443037975,12.341772151898734,15.18987341772152,57.278481012658226,62.34177215189873,21.202531645569618,41.139240506329116,52.436708860759495,22.151898734177212,31.962025316455694,32.278481012658226
L5097-JUNDIAI (1404),Regular,Interior,JUNDIAÍ,636.0,636.0,71.54088050314465,17.92452830188679,10.534591194968554,61.00628930817609,54.40251572327044,21.540880503144656,32.861635220125784,52.562893081761,27.9874213836478,43.710691823899374,33.33333333333333
L5114-106 ASA SUL,Regular,DF,BRASÍLIA,410.0,410.0,70.24390243902438,18.536585365853657,11.219512195121952,59.02439024390243,57.56097560975609,20.0,37.56097560975609,52.58536585365852,28.780487804878046,41.46341463414634,27.80487804878049
L5220-PLANALTO,Regular,RMSP,SÃO BERNARDO DO CAMPO,456.0,456.0,74.12280701754386,13.596491228070176,12.280701754385964,61.8421052631579,58.77192982456141,27.631578947368425,31.140350877192986,52.631578947368425,27.850877192982455,30.482456140350877,29.605263157894733
L5062-ASSUNCAO (1310),Regular,RMSP,SÃO BERNARDO DO CAMPO,647.0,647.0,70.47913446676971,16.846986089644513,12.673879443585781,57.805255023183925,60.432766615146825,19.783616692426584,40.64914992272024,52.65842349304482,27.202472952086552,36.476043276661514,28.438948995363216
L5156-JARDIM PRUDENCIA,Regular,Capital,SÃO PAULO,520.0,520.0,73.46153846153847,11.923076923076923,14.615384615384617,58.846153846153854,60.96153846153847,22.5,38.46153846153847,52.73076923076923,23.26923076923077,33.84615384615385,29.423076923076923
L5095-VILLA LOBOS (1380),Tocadora/Germinare,Capital,SÃO PAULO,585.0,586.0,73.03754266211604,11.945392491467576,15.017064846416384,58.02047781569966,61.94539249146758,21.160409556313994,40.784982935153586,52.84982935153584,20.854700854700855,29.401709401709404,27.692307692307693
L5049-RIB.PRETO INDEPENDENCIA (1266),Regular,Interior,RIBEIRÃO PRETO,363.0,363.0,71.900826446281,14.325068870523417,13.774104683195592,58.12672176308541,62.8099173553719,22.03856749311295,40.77134986225895,52.92011019283747,22.03856749311295,33.608815426997246,29.201101928374655
L5099-VILA MATILDE (1421),Regular,Capital,SÃO PAULO,672.0,672.0,72.17261904761905,16.071428571428573,11.755952380952381,60.41666666666667,59.077380952380956,22.470238095238095,36.60714285714286,53.27380952380952,24.553571428571427,35.56547619047619,33.63095238095239
L5006-MARAJOARA (0487),Regular,Capital,SÃO PAULO,572.0,572.0,72.55244755244755,13.111888111888112,14.335664335664337,58.21678321678321,62.93706293706294,19.93006993006993,43.006993006993014,53.653846153846146,23.776223776223777,35.66433566433567,30.944055944055943
L5055-CAMBUCI (1284),Tocadora/Germinare,Capital,SÃO PAULO,666.0,666.0,73.42342342342343,12.762762762762764,13.813813813813812,59.60960960960962,62.16216216216216,21.47147147147147,40.69069069069069,53.933933933933936,22.22222222222222,36.63663663663664,31.38138138138138
L5176-BRAGANCA PAULISTA,Regular,Interior,BRAGANÇA PAULISTA,732.0,732.0,70.62841530054644,19.12568306010929,10.245901639344263,60.382513661202175,59.01639344262295,19.53551912568306,39.48087431693989,54.11202185792349,26.639344262295083,41.66666666666667,34.42622950819672
L5121-VILA MASCOTE,Regular,Capital,SÃO PAULO,636.0,636.0,72.32704402515722,15.880503144654087,11.79245283018868,60.53459119496854,57.54716981132076,18.39622641509434,39.15094339622642,54.1194968553459,26.729559748427672,40.09433962264151,32.23270440251572
L5159-COTIA KM 39,Regular,RMSP,COTIA,439.0,439.0,73.12072892938497,15.945330296127564,10.933940774487471,62.1867881548975,58.08656036446469,22.095671981776764,35.99088838268793,54.32801822323462,30.296127562642365,45.33029612756264,29.6127562642369
L5237-PAULINIA,Regular,Interior,PAULÍNIA,325.0,325.0,69.23076923076923,20.0,10.76923076923077,58.46153846153845,60.92307692307693,15.692307692307692,45.23076923076923,54.49230769230768,26.769230769230766,42.769230769230774,33.53846153846154
L5015-BARAO ITAPURA (0570),Tocadora/Germinare,Interior,CAMPINAS,341.0,341.0,76.53958944281524,9.970674486803519,13.48973607038123,63.049853372434015,58.35777126099707,22.58064516129032,35.77712609970675,54.868035190615835,26.392961876832842,38.12316715542522,27.56598240469208
L5199-CASA VERDE,Tocadora/Germinare,Capital,SÃO PAULO,589.0,589.0,73.1748726655348,15.280135823429541,11.544991511035652,61.62988115449915,58.57385398981324,19.185059422750424,39.38879456706282,54.95755517826825,26.31578947368421,38.20033955857385,30.050933786078097
L5037-VILA ROMANA (0880),Tocadora/Germinare,Capital,SÃO PAULO,512.0,513.0,73.48927875243665,14.035087719298245,12.475633528265107,61.01364522417154,61.79337231968811,20.66276803118908,41.13060428849903,55.04873294346979,22.4609375,33.3984375,30.6640625
L5185-CLODOMIRO,Tocadora/Germinare,Capital,SÃO PAULO,481.0,481.0,74.63617463617463,12.058212058212058,13.305613305613306,61.33056133056132,61.74636174636174,21.205821205821206,40.54054054054053,55.09355509355508,23.076923076923077,34.71933471933472,37.62993762993763
L5092-VILA AUGUSTA (1374),Tocadora/Germinare,RMSP,GUARULHOS,543.0,543.0,74.03314917127072,13.996316758747698,11.970534069981584,62.06261510128914,59.48434622467772,20.441988950276244,39.04235727440148,55.156537753222835,25.41436464088398,33.70165745856354,31.123388581952117
L5089-BOA VISTA (1364),Regular,RMSP,SÃO CAETANO DO SUL,363.0,363.0,72.45179063360881,16.2534435261708,11.294765840220386,61.15702479338842,61.15702479338842,19.834710743801654,41.322314049586765,55.20661157024792,25.895316804407713,38.56749311294766,35.53719008264463
L5047-SAO BERNARDO (1255),Regular,RMSP,SÃO BERNARDO DO CAMPO,661.0,661.0,72.61724659606656,17.095310136157337,10.287443267776098,62.32980332829047,60.363086232980336,19.062027231467475,41.30105900151286,56.02118003025718,26.021180030257185,37.518910741301056,29.1981845688351
L5076-PIRACICABA (1337),Regular,Interior,PIRACICABA,425.0,425.0,73.6470588235294,16.235294117647058,10.117647058823529,63.52941176470588,58.58823529411765,20.0,38.58823529411765,56.047058823529404,24.0,39.294117647058826,32.23529411764706
L5046-VILA CARRAO (1248),Regular,Capital,SÃO PAULO,590.0,590.0,74.40677966101696,14.745762711864408,10.847457627118644,63.55932203389831,58.8135593220339,20.16949152542373,38.64406779661017,56.08474576271187,28.644067796610166,40.50847457627118,29.66101694915254
L5044-INDAIATUBA (1243),Regular,Interior,INDAIATUBA,370.0,370.0,74.5945945945946,12.702702702702704,12.702702702702704,61.891891891891895,61.62162162162163,18.37837837837838,43.24324324324325,56.2972972972973,26.486486486486488,36.486486486486484,32.972972972972975
L5061-BOSQUE MAIA (1304),Regular,RMSP,GUARULHOS,492.0,492.0,72.35772357723577,16.666666666666664,10.975609756097562,61.38211382113821,61.99186991869918,17.276422764227643,44.71544715447153,56.382113821138205,21.951219512195124,37.39837398373984,37.39837398373984
L5088-PONTA DA PRAIA (1363),Regular,Litoral,SANTOS,453.0,453.0,72.40618101545255,17.439293598233995,10.154525386313466,62.25165562913908,62.251655629139066,18.984547461368653,43.26710816777042,56.55629139072848,27.1523178807947,42.82560706401766,30.90507726269316
L5148-PARQUE DO CARMO,Regular,Capital,SÃO PAULO,610.0,610.0,73.9344262295082,15.081967213114755,10.98360655737705,62.95081967213115,63.77049180327868,22.131147540983605,41.639344262295076,56.557377049180324,25.573770491803277,34.91803278688524,29.836065573770494
L5187-MUTIRAO,Regular,GO,GOIÂNIA,395.0,395.0,75.44303797468355,13.670886075949367,10.886075949367088,64.55696202531647,59.74683544303797,21.772151898734176,37.9746835443038,56.582278481012665,26.329113924050635,40.50632911392405,33.67088607594937
L5273-MORRO GRANDE,Tocadora/Germinare,Capital,SÃO PAULO,320.0,320.0,75.625,14.0625,10.3125,65.3125,59.06249999999999,22.5,36.56249999999999,56.6875,27.500000000000004,38.125,35.9375
L5139-SBC RUDGE RAMOS,Regular,RMSP,SÃO BERNARDO DO CAMPO,540.0,540.0,74.25925925925925,14.074074074074074,11.666666666666666,62.59259259259259,62.22222222222222,18.88888888888889,43.33333333333333,56.81481481481481,23.333333333333332,35.37037037037037,30.925925925925924
L5180-FREI CANECA,Tocadora/Germinare,Capital,SÃO PAULO,753.0,753.0,74.7675962815405,13.545816733067728,11.686586985391765,63.08100929614874,62.94820717131474,20.717131474103585,42.23107569721115,56.82602921646746,22.974767596281538,31.606905710491368,27.490039840637447
L5083-BARCELONA (1347),Regular,RMSP,SÃO CAETANO DO SUL,360.0,360.0,75.55555555555556,13.055555555555557,11.38888888888889,64.16666666666667,61.66666666666667,21.38888888888889,40.277777777777786,57.0,25.27777777777778,35.833333333333336,28.888888888888886
L5184-PRACA VARNHAGEM,Regular,RJ,RIO DE JANEIRO,1364.0,1364.0,75.43988269794721,14.882697947214076,9.67741935483871,65.76246334310851,57.551319648093845,20.821114369501466,36.73020527859238,57.05278592375366,29.178885630498534,42.00879765395894,28.95894428152493
L5022-SAO CAETANO CENTRO (0811),Regular,RMSP,SÃO CAETANO DO SUL,579.0,579.0,74.43868739205527,14.507772020725387,11.053540587219343,63.38514680483593,62.52158894645942,20.03454231433506,42.48704663212436,57.115716753022454,24.179620034542314,37.99654576856649,29.18825561312608
L5100-INTERLAGOS (1431),Regular,Capital,SÃO PAULO,604.0,604.0,75.99337748344371,13.410596026490065,10.596026490066226,65.39735099337749,60.76158940397352,22.516556291390728,38.24503311258279,57.25165562913907,23.841059602649008,34.93377483443709,28.311258278145697
L5025-PANAMBY (0817),Regular,Capital,SÃO PAULO,690.0,696.0,76.00574712643679,12.5,11.494252873563218,64.51149425287358,61.49425287356321,20.689655172413794,40.80459770114942,57.39942528735632,23.47826086956522,33.768115942028984,27.391304347826086
L5210-CAMPANELLA,Regular,Capital,SÃO PAULO,910.0,910.0,75.27472527472527,13.186813186813188,11.538461538461538,63.73626373626373,62.967032967032964,20.21978021978022,42.747252747252745,57.43956043956043,25.054945054945055,34.94505494505494,30.32967032967033
L5252-14 DE DEZEMBRO,Regular,Interior,JUNDIAÍ,620.0,620.0,76.93548387096774,12.096774193548388,10.967741935483872,65.96774193548387,59.83870967741935,21.612903225806452,38.2258064516129,57.64516129032258,27.419354838709676,36.935483870967744,31.93548387096774
L5109-SANTOS POMPEIA,Regular,Litoral,SANTOS,859.0,860.0,73.25581395348837,14.883720930232558,11.86046511627907,61.3953488372093,65.23255813953487,16.27906976744186,48.95348837209301,57.66279069767441,24.79627473806752,32.596041909196735,33.29452852153667
L5091-NOVA CANTAREIRA (1366),Tocadora/Germinare,Capital,SÃO PAULO,458.0,458.0,76.63755458515283,12.882096069868995,10.480349344978166,66.15720524017466,59.60698689956332,21.397379912663755,38.20960698689956,57.77292576419213,26.419213973799128,38.209606986899566,28.82096069868996
L5093-PERDIZES 2 (1376),Tocadora/Germinare,Capital,SÃO PAULO,586.0,586.0,75.42662116040955,13.48122866894198,11.092150170648464,64.33447098976109,62.45733788395904,19.795221843003414,42.662116040955624,57.83276450511944,22.696245733788395,32.42320819112628,22.18430034129693
L5166-MAIRIPORA,Tocadora/Germinare,RMSP,MAIRIPORÃ,479.0,479.0,75.15657620041753,13.361169102296449,11.482254697286013,63.67432150313152,63.04801670146137,18.16283924843424,44.88517745302713,58.0375782881002,23.799582463465555,36.11691022964509,36.11691022964509
L5019-ANGELICA (0684),Regular,Capital,SÃO PAULO,1123.0,1124.0,74.4661921708185,15.391459074733097,10.142348754448399,64.3238434163701,62.45551601423488,18.95017793594306,43.50533807829182,58.07829181494661,25.378450578806767,35.08459483526269,30.09795191451469
L5178-PERIMETRAL,Regular,RMSP,SANTO ANDRÉ,661.0,661.0,75.642965204236,14.977307110438728,9.379727685325264,66.26323751891074,58.09379727685325,18.910741301059,39.18305597579425,58.139183055975785,27.53403933434191,41.301059001512854,29.954614220877456
L5230-LARGO DO MACHADO,Regular,RJ,RIO DE JANEIRO,1886.0,1887.0,75.62268150503445,14.838367779544251,9.538950715421304,66.08373078961314,58.770535241123476,18.60095389507154,40.169581346051935,58.309485956544776,26.13997879109226,41.03923647932132,31.866383881230114
L5266-MATEO BEI,Regular,Capital,SÃO PAULO,656.0,656.0,76.52439024390245,12.5,10.975609756097562,65.54878048780489,61.4329268292683,19.96951219512195,41.463414634146346,58.32317073170732,28.20121951219512,39.78658536585366,35.36585365853659
L5177-FREGUESIA DO O,Tocadora/Germinare,Capital,SÃO PAULO,751.0,751.0,75.63249001331558,13.84820239680426,10.51930758988016,65.11318242343542,63.24900133155792,20.505992010652463,42.74300932090546,58.40213049267643,23.169107856191744,31.69107856191744,26.764314247669773
L5005-BROOKLIN (0475),Tocadora/Germinare,Capital,SÃO PAULO,514.0,530.0,76.60377358490567,10.754716981132075,12.641509433962264,63.962264150943405,64.71698113207547,19.056603773584907,45.660377358490564,58.471698113207545,20.622568093385212,29.766536964980546,30.35019455252918
L5001-RIBEIRAO PRETO (0217),Regular,Interior,RIBEIRÃO PRETO,659.0,659.0,75.5690440060698,13.657056145675265,10.773899848254933,64.79514415781487,62.36722306525038,18.512898330804248,43.85432473444613,58.51289833080425,25.948406676783005,37.63277693474962,29.438543247344462
L5023-JOSE BONIFACIO (0813),Regular,Interior,CAMPINAS,285.0,285.0,75.43859649122807,10.87719298245614,13.684210526315791,61.754385964912274,67.01754385964912,15.789473684210526,51.228070175438596,58.596491228070164,27.719298245614034,34.385964912280706,24.912280701754387
L5219-AV. ITAQUERA,Regular,Capital,SÃO PAULO,667.0,668.0,76.34730538922156,13.17365269461078,10.479041916167663,65.8682634730539,62.874251497005986,20.808383233532936,42.06586826347305,58.727544910179645,24.737631184407796,35.83208395802099,31.334332833583208
L5243-MONTE CASTELO,Regular,Interior,SÃO JOSÉ DOS CAMPOS,275.0,275.0,76.36363636363637,12.0,11.636363636363637,64.72727272727273,65.45454545454545,20.363636363636363,45.09090909090909,58.83636363636364,22.90909090909091,38.90909090909091,29.818181818181817
L5072-SERRA DE JAPI (1330),Regular,Capital,SÃO PAULO,539.0,539.0,76.06679035250464,13.172541743970315,10.760667903525047,65.3061224489796,62.33766233766234,18.552875695732837,43.7847866419295,58.849721706864564,23.933209647495364,34.137291280148425,30.241187384044526
L5119-AGUAS CLARAS (ARAUCARIAS),Regular,DF,BRASÍLIA,632.0,632.0,75.15822784810126,15.18987341772152,9.651898734177216,65.50632911392404,61.70886075949367,17.87974683544304,43.82911392405063,59.00316455696201,24.841772151898734,41.77215189873418,28.164556962025316
L5042-IPIRANGA (1237),Regular,Capital,SÃO PAULO,702.0,702.0,74.92877492877493,14.67236467236467,10.3988603988604,64.52991452991452,63.39031339031339,16.096866096866098,47.29344729344729,59.35897435897435,22.79202279202279,33.76068376068376,34.472934472934476
L5051-VILA PRUDENTE (1276),Regular,Capital,SÃO PAULO,353.0,353.0,75.3541076487252,14.44759206798867,10.198300283286118,65.15580736543909,63.45609065155807,17.56373937677054,45.89235127478753,59.37677053824362,20.679886685552407,37.6770538243626,31.444759206798867
L5138-306 ASA NORTE,Regular,DF,BRASÍLIA,752.0,752.0,75.0,15.02659574468085,9.97340425531915,65.02659574468085,62.63297872340425,16.22340425531915,46.4095744680851,59.44148936170212,26.728723404255316,44.015957446808514,30.0531914893617
L5108-MOGI DAS CRUZES (1527),Regular,RMSP,MOGI DAS CRUZES,429.0,429.0,76.22377622377621,14.452214452214452,9.324009324009324,66.89976689976689,62.23776223776224,19.34731934731935,42.89044289044289,59.69696969696969,25.64102564102564,38.22843822843823,33.33333333333333
L5071-BELA VISTA (1326),Tocadora/Germinare,Capital,SÃO PAULO,636.0,637.0,75.35321821036108,13.657770800627944,10.989010989010989,64.36420722135009,64.05023547880691,15.2276295133438,48.82260596546311,59.70172684458399,21.38364779874214,35.84905660377358,34.11949685534591
L5103-ATIBAIA (1454),Tocadora/Germinare,Interior,ATIBAIA,972.0,972.0,76.5432098765432,13.786008230452676,9.670781893004115,66.87242798353908,60.90534979423868,17.48971193415638,43.4156378600823,59.835390946502045,25.411522633744855,36.41975308641975,33.33333333333333
L5209-ITABERABA,Tocadora/Germinare,Capital,SÃO PAULO,831.0,831.0,77.01564380264742,12.394705174488568,10.589651022864018,66.4259927797834,63.41756919374247,18.4115523465704,45.00601684717208,60.0,23.225030084235858,36.702767749699156,29.24187725631769
L5143-AQUARIUS,Regular,Interior,SÃO JOSÉ DOS CAMPOS,416.0,416.0,77.16346153846155,12.740384615384615,10.096153846153847,67.06730769230771,63.942307692307686,20.432692307692307,43.50961538461538,60.00000000000001,25.961538461538463,35.33653846153847,33.65384615384615
L5232-PARQUE ECOLOGICO,Regular,Interior,INDAIATUBA,491.0,491.0,74.949083503055,15.274949083503056,9.775967413441954,65.17311608961305,63.13645621181263,15.071283095723015,48.06517311608961,60.040733197556015,24.03258655804481,37.4745417515275,32.382892057026474
L5283-ALDEIA DA SERRA,Tocadora/Germinare,RMSP,BARUERI,276.0,276.0,75.0,14.855072463768115,10.144927536231885,64.85507246376811,64.85507246376811,15.942028985507244,48.91304347826087,60.07246376811593,24.27536231884058,32.2463768115942,30.79710144927536
L5058-JD. BONFIGLIOLI (1291),Tocadora/Germinare,Capital,SÃO PAULO,960.0,960.0,75.9375,14.583333333333334,9.479166666666666,66.45833333333333,62.39583333333333,16.875,45.52083333333333,60.17708333333333,24.791666666666668,34.89583333333333,30.625000000000004
L5066-CARAPICUIBA (1317),Regular,RMSP,CARAPICUÍBA,299.0,299.0,77.25752508361204,11.705685618729097,11.036789297658862,66.22073578595318,66.88963210702342,20.735785953177256,46.15384615384616,60.20066889632107,20.066889632107024,31.438127090301005,31.77257525083612
L5004-CAMPO BELO (0448),Regular,Capital,SÃO PAULO,563.0,563.0,76.90941385435168,12.61101243339254,10.479573712255773,66.42984014209591,63.94316163410302,17.05150976909414,46.89165186500888,60.56838365896979,22.735346358792185,31.08348134991119,26.642984014209592
L5031-PERDIZES (0860),Tocadora/Germinare,Capital,SÃO PAULO,513.0,513.0,73.68421052631578,15.789473684210526,10.526315789473683,63.157894736842096,68.61598440545808,13.64522417153996,54.97076023391812,60.701754385964904,19.68810916179337,35.28265107212476,33.72319688109162
L5024-VALINHOS (0814),Regular,Interior,VALINHOS,516.0,517.0,76.40232108317214,14.119922630560927,9.477756286266924,66.92456479690522,65.57059961315281,17.988394584139265,47.582205029013544,61.12185686653771,25.968992248062015,34.30232558139535,32.36434108527132
L5248-SBC PEREIRA BARRETO,Regular,RMSP,SÃO BERNARDO DO CAMPO,596.0,596.0,76.6778523489933,13.590604026845638,9.731543624161073,66.94630872483222,63.92617449664429,15.771812080536913,48.15436241610738,61.308724832214764,22.986577181208055,34.22818791946309,25.16778523489933
L5249-SANTA TERESINHA,Regular,RMSP,SANTO ANDRÉ,466.0,466.0,75.9656652360515,13.948497854077251,10.085836909871244,65.87982832618026,67.81115879828327,16.738197424892704,51.07296137339057,61.437768240343345,24.034334763948497,30.472103004291846,27.038626609442062
L5193-COTIA,Tocadora/Germinare,RMSP,COTIA,472.0,472.0,76.27118644067797,13.983050847457626,9.745762711864407,66.52542372881356,65.04237288135593,15.254237288135593,49.78813559322034,61.5042372881356,24.576271186440678,37.07627118644068,30.720338983050848
L5064-CHACARA INGLESA (1312),Regular,Capital,SÃO PAULO,428.0,429.0,76.68997668997669,12.121212121212121,11.188811188811188,65.5011655011655,68.29836829836829,15.85081585081585,52.44755244755244,61.58508158508158,18.22429906542056,32.00934579439252,29.205607476635514
L5045-TATUAPE (1247),Regular,Capital,SÃO PAULO,417.0,417.0,77.21822541966426,11.510791366906476,11.270983213429256,65.947242206235,68.5851318944844,16.786570743405278,51.79856115107913,61.70263788968823,21.58273381294964,31.894484412470025,31.17505995203837
L5250-VILA RICA,Regular,Capital,SÃO PAULO,537.0,537.0,78.02607076350093,10.614525139664805,11.359404096834265,66.66666666666666,68.90130353817506,18.6219739292365,50.27932960893855,61.75046554934822,22.3463687150838,33.70577281191806,30.54003724394786
L5112-BAURU,Tocadora/Germinare,Interior,BAURU,394.0,394.0,75.38071065989847,15.48223350253807,9.137055837563452,66.24365482233502,66.24365482233503,14.974619289340103,51.26903553299493,61.751269035532985,22.33502538071066,37.055837563451774,32.74111675126903
L5134-GILBERTO SALOMAO,Regular,DF,BRASÍLIA,449.0,449.0,76.16926503340757,16.258351893095767,7.57238307349666,68.59688195991092,62.58351893095768,16.035634743875278,46.5478841870824,61.98218262806236,25.16703786191537,41.202672605790646,34.075723830734965
L5169-JACAREI,Regular,Interior,JACAREÍ,386.0,386.0,75.64766839378238,15.544041450777202,8.808290155440414,66.83937823834196,67.09844559585493,16.06217616580311,51.03626943005182,62.09844559585492,25.647668393782386,33.160621761658035,31.606217616580313
L5253-HORTO,Tocadora/Germinare,Capital,SÃO PAULO,575.0,575.0,78.26086956521739,12.695652173913045,9.043478260869566,69.21739130434783,64.69565217391305,19.130434782608695,45.56521739130435,62.121739130434776,23.130434782608695,32.52173913043478,26.260869565217394
L5035-TREMEMBE (0875),Regular,Capital,SÃO PAULO,432.0,432.0,77.54629629629629,13.194444444444445,9.25925925925926,68.28703703703704,63.657407407407405,15.74074074074074,47.916666666666664,62.175925925925924,23.37962962962963,37.03703703703704,30.324074074074076
L5028-VILA PAULICEIA (0853),Regular,Capital,SÃO PAULO,353.0,353.0,75.63739376770539,15.01416430594901,9.34844192634561,66.28895184135978,69.12181303116147,16.43059490084986,52.691218130311604,62.20963172804532,18.980169971671387,35.12747875354108,33.711048158640224
L5030-SAUDADE (0856),Regular,Interior,CAMPINAS,608.0,608.0,76.80921052631578,13.980263157894738,9.210526315789473,67.5986842105263,66.2828947368421,16.611842105263158,49.67105263157894,62.220394736842096,22.861842105263158,34.868421052631575,30.427631578947366
L5073-VILA GUILHERME (1331),Regular,Capital,SÃO PAULO,440.0,440.0,76.81818181818181,15.0,8.181818181818182,68.63636363636363,65.68181818181819,18.409090909090907,47.27272727272728,62.22727272727272,25.90909090909091,32.95454545454545,28.40909090909091
L5009-PIRITUBA (0508),Tocadora/Germinare,Capital,SÃO PAULO,573.0,574.0,77.00348432055749,15.156794425087108,7.8397212543554,69.1637630662021,64.80836236933798,18.466898954703833,46.34146341463415,62.3170731707317,23.7347294938918,34.55497382198953,30.89005235602094
L5282-PARQUE OLIMPICO,Regular,RJ,RIO DE JANEIRO,960.0,960.0,78.02083333333333,13.229166666666666,8.75,69.27083333333333,62.291666666666664,16.041666666666668,46.25,62.36458333333333,25.937500000000004,41.875,30.625000000000004
L5165-MOGI DAS CRUZES MOGILAR,Regular,RMSP,MOGI DAS CRUZES,371.0,371.0,76.54986522911051,14.555256064690028,8.89487870619946,67.65498652291105,67.38544474393531,17.25067385444744,50.13477088948787,62.39892183288409,21.293800539083556,34.77088948787062,32.34501347708895
L5008-SCS MAUA (0500),Regular,RMSP,SÃO CAETANO DO SUL,568.0,568.0,78.16901408450704,13.556338028169016,8.274647887323944,69.8943661971831,64.7887323943662,19.718309859154928,45.07042253521128,62.44718309859155,23.41549295774648,34.33098591549296,32.04225352112676
L5056-PENHA (1285),Regular,Capital,SÃO PAULO,1073.0,1073.0,78.93755824790307,10.717614165890028,10.344827586206897,68.59273066169618,65.89002795899349,17.520969245107175,48.36905871388631,62.525629077353216,21.435228331780056,33.084808946877914,28.7977632805219
L5245-MAUA 2,Regular,RMSP,MAUÁ,545.0,545.0,79.81651376146789,9.724770642201836,10.458715596330276,69.35779816513761,64.95412844036697,18.34862385321101,46.60550458715596,62.53211009174311,24.220183486238533,36.14678899082569,31.376146788990827
L5223-CAMPO LIMPO,Regular,Capital,SÃO PAULO,1577.0,1580.0,78.86075949367088,10.949367088607595,10.18987341772152,68.67088607594937,66.13924050632912,17.468354430379744,48.67088607594937,62.67088607594937,21.686746987951807,33.988585922637924,32.466708941027264
L5158-LEBLON,Regular,RJ,RIO DE JANEIRO,996.0,997.0,78.83650952858575,12.938816449348046,8.224674022066198,70.61183550651955,62.38716148445336,18.154463390170513,44.232698094282846,62.69809428284854,25.200803212851408,42.06827309236948,30.923694779116467
L5052-PINHEIROS (1277),Tocadora/Germinare,Capital,SÃO PAULO,402.0,402.0,77.11442786069652,11.940298507462686,10.945273631840797,66.16915422885573,70.39800995024875,15.671641791044777,54.72636815920397,62.7363184079602,17.91044776119403,31.094527363184078,32.08955223880597
L5053-MORUMBI (1278),Tocadora/Germinare,Capital,SÃO PAULO,403.0,403.0,77.66749379652606,12.655086848635236,9.67741935483871,67.99007444168736,66.74937965260546,15.88089330024814,50.868486352357316,62.853598014888334,23.325062034739457,34.7394540942928,30.272952853598017
L5198-VILA RESENDE,Regular,Interior,PIRACICABA,335.0,335.0,79.40298507462687,11.940298507462686,8.656716417910449,70.74626865671642,65.97014925373135,21.492537313432834,44.477611940298516,62.865671641791046,24.47761194029851,32.83582089552239,34.32835820895522
L5054-PLANALTO (1279),Regular,Capital,SÃO PAULO,846.0,846.0,77.54137115839244,12.174940898345152,10.28368794326241,67.25768321513003,67.13947990543736,14.420803782505912,52.71867612293144,62.895981087470446,19.38534278959811,31.087470449172578,32.38770685579196
L5144-EMBU DAS ARTES,Tocadora/Germinare,RMSP,EMBU DAS ARTES,560.0,560.0,76.60714285714286,14.285714285714285,9.107142857142856,67.5,68.39285714285714,16.071428571428573,52.32142857142857,62.94642857142857,22.5,33.92857142857143,31.25
L5192-ALPHAVILLE CONDE,Regular,RMSP,BARUERI,406.0,406.0,80.54187192118226,8.866995073891626,10.591133004926109,69.95073891625616,67.24137931034483,20.44334975369458,46.79802955665025,63.004926108374384,20.19704433497537,28.57142857142857,30.541871921182267
L5120-ITU,Regular,Interior,ITU,527.0,527.0,78.55787476280834,12.144212523719165,9.297912713472485,69.25996204933585,65.08538899430741,15.939278937381404,49.146110056926005,63.2258064516129,23.719165085388994,36.24288425047438,31.309297912713475
L5122-PONTE RASA,Regular,Capital,SÃO PAULO,816.0,816.0,77.57352941176471,14.705882352941178,7.720588235294118,69.8529411764706,64.70588235294117,16.78921568627451,47.916666666666664,63.27205882352941,24.019607843137255,35.661764705882355,32.720588235294116
L5039-ZELINA (1208),Regular,Capital,SÃO PAULO,559.0,559.0,77.28085867620752,13.774597495527727,8.94454382826476,68.33631484794276,67.97853309481216,15.56350626118068,52.41502683363149,63.559928443649376,22.361359570661897,34.704830053667266,28.80143112701252
L5205-GRANJA KM 26,Regular,RMSP,COTIA,272.0,272.0,80.51470588235294,8.455882352941178,11.029411764705882,69.48529411764706,69.11764705882352,19.11764705882353,49.99999999999999,63.63970588235293,19.852941176470587,26.47058823529412,27.205882352941174
L5063-SAO CAMILO (1311),Regular,RMSP,COTIA,391.0,394.0,78.42639593908629,8.629441624365482,12.944162436548224,65.48223350253807,74.11167512690355,14.467005076142131,59.64467005076142,63.730964467005066,16.879795396419436,23.785166240409207,25.31969309462916
L5102-POMPEIA DESEMBARGADOR (1449),Tocadora/Germinare,Capital,SÃO PAULO,561.0,564.0,78.72340425531915,12.056737588652481,9.219858156028367,69.50354609929079,65.95744680851064,15.602836879432624,50.354609929078016,63.758865248226954,23.351158645276293,33.68983957219251,31.72905525846702
L5034-D. PEDRO ll (0873),Regular,RMSP,SANTO ANDRÉ,610.0,610.0,78.36065573770492,12.622950819672132,9.01639344262295,69.34426229508196,68.85245901639344,16.885245901639344,51.967213114754095,64.13114754098359,18.852459016393443,32.950819672131146,29.016393442622952
L5038-SAO JOSE DOS CAMPOS (0886),Regular,Interior,SÃO JOSÉ DOS CAMPOS,351.0,351.0,78.06267806267806,14.529914529914532,7.4074074074074066,70.65527065527066,66.66666666666666,17.663817663817664,49.00284900284899,64.15954415954415,24.216524216524217,34.472934472934476,29.34472934472934
L5090-NORTE SUL (1365),Tocadora/Germinare,Interior,CAMPINAS,469.0,469.0,80.38379530916845,8.955223880597014,10.660980810234541,69.7228144989339,68.01705756929638,15.13859275053305,52.878464818763334,64.66950959488273,20.68230277185501,26.652452025586353,27.292110874200425
L5116-ENSEADA,Regular,Litoral,GUARUJÁ,503.0,503.0,80.51689860834989,10.73558648111332,8.747514910536779,71.76938369781311,66.6003976143141,18.48906560636183,48.11133200795227,64.67196819085486,22.86282306163022,33.59840954274354,32.80318091451292
L5129-REAL PARQUE,Tocadora/Germinare,Capital,SÃO PAULO,388.0,388.0,80.6701030927835,12.628865979381443,6.701030927835052,73.96907216494846,64.43298969072166,21.391752577319586,43.04123711340207,64.69072164948454,24.742268041237114,32.7319587628866,25.51546391752577
L5126-CELSO GARCIA,Regular,Capital,SÃO PAULO,735.0,735.0,79.31972789115646,11.700680272108844,8.979591836734693,70.34013605442176,66.66666666666666,14.69387755102041,51.97278911564625,64.82993197278911,23.26530612244898,36.3265306122449,31.83673469387755
L5262-URBANOVA,Regular,Interior,SÃO JOSÉ DOS CAMPOS,155.0,155.0,78.06451612903226,12.258064516129032,9.67741935483871,68.38709677419355,72.25806451612902,15.483870967741936,56.77419354838709,64.9032258064516,16.129032258064516,27.09677419354839,27.09677419354839
L5012-SOROCABA (0527),Regular,Interior,SOROCABA,272.0,272.0,80.14705882352942,12.132352941176471,7.720588235294118,72.4264705882353,65.07352941176471,17.27941176470588,47.794117647058826,65.03676470588236,23.161764705882355,36.39705882352941,28.308823529411764
L5123-SAO VICENTE,Regular,Litoral,SÃO VICENTE,837.0,837.0,79.45041816009558,11.947431302270012,8.60215053763441,70.84826762246117,68.10035842293907,16.606929510155314,51.493428912783756,65.04181600955795,20.54958183990442,35.00597371565114,31.899641577060933
L5244-TAGUATINGA SUL,Regular,DF,BRASÍLIA,464.0,464.0,78.66379310344827,13.36206896551724,7.974137931034483,70.6896551724138,67.88793103448276,15.301724137931034,52.58620689655173,65.25862068965517,22.198275862068968,34.26724137931034,28.879310344827587
L5155-SUZANO,Regular,RMSP,SUZANO,636.0,636.0,78.45911949685535,15.09433962264151,6.446540880503145,72.0125786163522,65.40880503144653,15.880503144654087,49.52830188679245,65.26729559748428,24.056603773584907,37.42138364779874,35.062893081761004
L5065-LINS DE VASCONCELOS (1313),Regular,Capital,SÃO PAULO,734.0,734.0,79.01907356948229,11.580381471389646,9.400544959128066,69.61852861035422,68.80108991825612,13.623978201634879,55.17711171662125,65.28610354223433,19.20980926430518,29.155313351498634,28.746594005449595
L5182-SAO JOSE DO RIO PRETO (DAMHA),Regular,Interior,SÃO JOSÉ DO RIO PRETO,285.0,285.0,78.59649122807018,11.228070175438596,10.175438596491228,68.42105263157895,72.28070175438597,14.035087719298245,58.245614035087726,65.36842105263158,19.649122807017545,25.6140350877193,26.666666666666668
L5057-BOQUEIRAO (1289),Regular,Litoral,SANTOS,564.0,564.0,77.83687943262412,15.070921985815602,7.092198581560284,70.74468085106383,67.73049645390071,14.716312056737587,53.01418439716313,65.42553191489361,23.22695035460993,35.99290780141844,29.78723404255319
L5242-RECREIO,Regular,RJ,RIO DE JANEIRO,475.0,483.0,81.36645962732919,10.144927536231885,8.488612836438923,72.87784679089027,68.53002070393374,20.28985507246377,48.24016563146998,65.48654244306418,22.105263157894736,31.157894736842106,28.000000000000004
L5101-CIDADE SAO FRANCISCO (1432),Tocadora/Germinare,Capital,SÃO PAULO,382.0,382.0,80.10471204188482,9.162303664921465,10.732984293193718,69.3717277486911,71.72774869109948,14.659685863874344,57.068062827225134,65.68062827225131,16.49214659685864,26.701570680628272,26.701570680628272
L5215-VILA EMA,Regular,Capital,SÃO PAULO,634.0,634.0,81.23028391167192,11.35646687697161,7.413249211356467,73.81703470031545,66.08832807570978,19.242902208201894,46.845425867507885,65.72555205047317,24.76340694006309,35.488958990536275,30.28391167192429
L5240-BARAO GERALDO,Regular,Interior,CAMPINAS,512.0,512.0,81.0546875,10.15625,8.7890625,72.265625,66.796875,15.625,51.171875,65.9375,25.78125,39.2578125,32.421875
L5161-ITANHAEM,Regular,Litoral,ITANHAÉM,792.0,792.0,79.41919191919192,12.247474747474747,8.333333333333332,71.08585858585859,69.1919191919192,14.772727272727273,54.419191919191924,66.08585858585859,20.075757575757574,32.44949494949495,33.964646464646464
L5124-BOTUCATU,Tocadora/Germinare,Interior,BOTUCATU,350.0,350.0,80.57142857142857,8.857142857142856,10.571428571428571,70.0,72.57142857142857,15.428571428571427,57.14285714285714,66.14285714285714,16.857142857142858,33.42857142857143,29.714285714285715
L5087-ALBERTO ANDALO (1353),Regular,Interior,SÃO JOSÉ DO RIO PRETO,350.0,350.0,79.71428571428572,11.428571428571429,8.857142857142856,70.85714285714286,69.71428571428572,14.571428571428571,55.14285714285715,66.14285714285714,22.0,32.57142857142858,28.000000000000004
L5018-MOEMA JURUCE (0584),Regular,Capital,SÃO PAULO,859.0,863.0,81.34414831981461,9.501738122827346,9.154113557358054,72.19003476245655,68.59791425260718,16.45422943221321,52.14368482039397,66.17612977983777,21.071012805587895,30.61699650756694,31.781140861466824
L5050-SOROCABA W.LUIZ (1273),Regular,Interior,SOROCABA,662.0,662.0,80.51359516616314,10.42296072507553,9.06344410876133,71.45015105740181,70.2416918429003,15.709969788519636,54.53172205438066,66.37462235649545,18.27794561933535,29.003021148036257,27.64350453172205
L5153-EMBARE,Regular,Litoral,SANTOS,898.0,898.0,80.73496659242761,11.469933184855234,7.795100222717149,72.93986636971046,65.70155902004454,14.476614699331849,51.224944320712694,66.42538975501112,23.719376391982184,38.41870824053452,27.839643652561247
L5040-GUARULHOS (1211),Regular,RMSP,GUARULHOS,751.0,751.0,80.29294274300932,10.652463382157123,9.054593874833555,71.23834886817576,71.63781624500666,16.378162450066576,55.259653794940085,66.44474034620507,17.44340878828229,24.900133155792275,27.430093209054597
L5188-CAJAMAR,Regular,RMSP,CAJAMAR,486.0,486.0,80.8641975308642,10.2880658436214,8.847736625514404,72.0164609053498,68.3127572016461,14.814814814814813,53.497942386831284,66.46090534979425,24.074074074074073,34.97942386831276,33.95061728395062
L5077-OSCAR FREIRE (1341),Regular,Capital,SÃO PAULO,384.0,384.0,82.03125,8.59375,9.375,72.65625,69.01041666666666,15.364583333333334,53.64583333333332,66.953125,21.614583333333336,30.46875,32.8125
L5141-ALTO TAQUARAL,Regular,Interior,CAMPINAS,426.0,426.0,81.45539906103286,11.267605633802818,7.276995305164319,74.17840375586854,65.72769953051643,15.492957746478872,50.23474178403756,66.99530516431925,24.178403755868544,34.50704225352113,35.68075117370892
L5105-DOM PEDRO I (1457),Regular,RMSP,SANTO ANDRÉ,524.0,524.0,80.53435114503816,10.687022900763358,8.778625954198473,71.75572519083968,70.0381679389313,14.122137404580155,55.91603053435114,67.00381679389312,19.083969465648856,33.396946564885496,32.82442748091603
L5131-TAUBATE SAO GERALDO,Regular,Interior,TAUBATÉ,411.0,411.0,79.31873479318735,12.895377128953772,7.785888077858881,71.53284671532846,71.53284671532847,14.5985401459854,56.93430656934308,67.15328467153284,19.464720194647203,27.980535279805352,32.11678832116788
L5214-SAO MIGUEL,Regular,Capital,SÃO PAULO,724.0,725.0,80.41379310344827,12.137931034482758,7.448275862068964,72.9655172413793,69.51724137931035,15.448275862068966,54.06896551724138,67.29655172413791,21.132596685082873,34.806629834254146,33.83977900552486
L5213-REMEDIOS ONIX,Tocadora/Germinare,Capital,SÃO PAULO,397.0,397.0,82.61964735516372,8.060453400503778,9.319899244332493,73.29974811083123,69.26952141057934,15.869017632241814,53.40050377833753,67.32997481108312,20.40302267002519,29.72292191435768,28.71536523929471
L5279-BOX CAIEIRAS,Tocadora/Germinare,RMSP,CAIEIRAS,280.0,280.0,81.42857142857143,10.714285714285714,7.857142857142857,73.57142857142857,68.57142857142857,15.357142857142858,53.21428571428571,67.46428571428571,23.57142857142857,38.57142857142858,35.0
L5231-SOROCABA PANNUNZIO,Regular,Interior,SOROCABA,561.0,561.0,81.46167557932263,10.338680926916222,8.19964349376114,73.26203208556149,70.40998217468805,16.22103386809269,54.188948306595364,67.54010695187165,17.825311942959,29.055258467023172,30.303030303030305
L5207-SANTO ANDRE ORATORIO,Regular,RMSP,SANTO ANDRÉ,625.0,625.0,81.28,10.72,8.0,73.28,69.44,14.56,54.879999999999995,67.75999999999999,21.92,35.199999999999996,30.56
L5201-ANA COSTA,Regular,Litoral,SANTOS,774.0,774.0,81.13695090439276,11.886304909560723,6.976744186046512,74.16020671834625,67.57105943152455,14.728682170542637,52.842377260981905,67.76485788113695,22.60981912144703,35.65891472868217,32.55813953488372
L5068-BOSQUE DA SAUDE (1321),Regular,Capital,SÃO PAULO,671.0,671.0,79.88077496274218,12.518628912071536,7.600596125186289,72.2801788375559,69.89567809239941,11.624441132637854,58.27123695976155,68.0774962742176,18.330849478390462,29.508196721311474,24.739195230998508
L5048-SJC ANDROMEDA (1261),Regular,Interior,SÃO JOSÉ DOS CAMPOS,351.0,351.0,81.76638176638177,11.68091168091168,6.552706552706552,75.21367521367522,66.38176638176638,14.814814814814813,51.56695156695157,68.11965811965811,22.507122507122507,32.47863247863248,29.34472934472934
L5236-JACAREI VILLA BRANCA,Regular,Interior,JACAREÍ,198.0,201.0,82.58706467661692,8.45771144278607,8.955223880597014,73.6318407960199,71.64179104477611,15.422885572139302,56.21890547263681,68.40796019900498,19.19191919191919,26.767676767676768,30.303030303030305
L5204-ITAQUA,Regular,RMSP,ITAQUAQUECETUBA,424.0,424.0,82.54716981132076,8.018867924528301,9.433962264150944,73.11320754716981,74.05660377358491,15.80188679245283,58.25471698113208,68.65566037735849,17.92452830188679,28.537735849056606,33.72641509433962
L5261-UNIMART,Regular,Interior,CAMPINAS,637.0,637.0,83.35949764521193,9.262166405023548,7.378335949764521,75.98116169544741,69.38775510204081,17.425431711145997,51.96232339089482,68.77551020408163,20.87912087912088,30.76923076923077,30.612244897959183
L5277-VILA CURUCA (NORDESTINA),Regular,Capital,SÃO PAULO,475.0,475.0,80.42105263157895,12.421052631578949,7.157894736842104,73.26315789473684,72.21052631578947,13.473684210526315,58.73684210526315,68.90526315789472,20.63157894736842,33.68421052631579,35.1578947368421
L5216-UBATUBA,Regular,Litoral,UBATUBA,441.0,441.0,82.76643990929705,9.750566893424036,7.482993197278912,75.28344671201813,70.29478458049887,15.419501133786847,54.875283446712025,69.1609977324263,20.408163265306122,34.24036281179138,30.612244897959183
L5173-PERUIBE,Regular,Litoral,PERUÍBE,612.0,613.0,80.91353996737357,10.766721044045676,8.31973898858075,72.59380097879281,74.06199021207178,12.887438825448614,61.174551386623165,69.16802610114192,18.30065359477124,25.49019607843137,28.75816993464052
L5147-ROLAND GARROS,Tocadora/Germinare,Capital,SÃO PAULO,661.0,661.0,82.29954614220878,9.984871406959153,7.715582450832073,74.58396369137671,72.01210287443268,14.977307110438728,57.034795763993955,69.31921331316188,21.331316187594553,29.1981845688351,29.954614220877456
L5251-JANGADEIROS,Regular,Capital,SÃO PAULO,759.0,759.0,82.47694334650856,11.198945981554678,6.324110671936759,76.1528326745718,69.6969696969697,16.205533596837945,53.49143610013176,69.35441370223978,22.793148880105402,29.77602108036891,34.387351778656125
L5127-SAO ROQUE,Regular,Interior,SÃO ROQUE,722.0,722.0,81.16343490304709,12.742382271468145,6.094182825484765,75.06925207756233,68.69806094182826,12.326869806094184,56.37119113573408,69.45983379501385,22.99168975069252,36.84210526315789,34.07202216066482
L5142-MARILIA,Regular,Interior,MARÍLIA,364.0,364.0,83.79120879120879,7.142857142857142,9.065934065934066,74.72527472527472,73.35164835164835,13.736263736263737,59.61538461538461,70.19230769230768,17.857142857142858,28.296703296703296,29.395604395604398
L5202-VILA CAICARA,Regular,Litoral,PRAIA GRANDE,801.0,801.0,81.8976279650437,11.735330836454432,6.367041198501873,75.53058676654183,70.66167290886392,12.109862671660425,58.5518102372035,70.43695380774032,20.973782771535582,34.706616729088644,33.58302122347066
L5150-ARARAQUARA,Regular,Interior,ARARAQUARA,651.0,651.0,82.642089093702,10.599078341013826,6.7588325652841785,75.88325652841782,71.7357910906298,13.82488479262673,57.91090629800307,70.49155145929339,21.044546850998465,34.254992319508446,34.40860215053764
L5003-LINS (0340),Regular,Interior,LINS,403.0,403.0,80.89330024813896,12.655086848635236,6.451612903225806,74.44168734491315,72.45657568238212,11.166253101736972,61.29032258064515,70.49627791563275,18.610421836228287,33.002481389578165,36.72456575682382
L5041-TAUBATE (1224),Regular,Interior,TAUBATÉ,337.0,338.0,82.84023668639054,10.355029585798817,6.804733727810651,76.03550295857988,73.07692307692307,14.792899408284024,58.284023668639044,70.71005917159762,19.287833827893174,27.596439169139465,26.706231454005934
L5111-VINHEDO,Regular,Interior,VINHEDO,292.0,292.0,83.21917808219177,8.561643835616438,8.21917808219178,75.0,75.68493150684932,14.726027397260275,60.95890410958905,70.78767123287672,19.863013698630137,29.794520547945208,35.61643835616438
L5272-ILHABELA,Tocadora/Germinare,Litoral,ILHABELA,319.0,319.0,83.07210031347962,11.285266457680251,5.6426332288401255,77.4294670846395,68.3385579937304,12.852664576802509,55.485893416927894,70.84639498432601,25.391849529780565,39.18495297805642,36.990595611285265
L5163-TAQUARI,Regular,DF,BRASÍLIA,377.0,377.0,83.28912466843501,11.671087533156498,5.039787798408488,78.24933687002653,68.43501326259947,14.854111405835543,53.58090185676393,70.84880636604774,24.93368700265252,38.726790450928384,27.586206896551722
L5098-AUTONOMISTAS (1405),Regular,RMSP,OSASCO,1016.0,1016.0,82.97244094488188,9.547244094488189,7.480314960629922,75.49212598425196,73.91732283464567,13.779527559055119,60.137795275590555,70.88582677165353,17.716535433070867,27.755905511811026,26.08267716535433
L5268-TIBURCIO,Regular,Capital,SÃO PAULO,674.0,674.0,83.67952522255193,9.198813056379821,7.121661721068249,76.55786350148368,72.10682492581603,14.391691394658753,57.71513353115728,70.90504451038576,21.66172106824926,34.718100890207715,33.23442136498516
L5084-GUAIPA (1349),Tocadora/Germinare,Capital,SÃO PAULO,519.0,520.0,82.5,8.846153846153847,8.653846153846153,73.84615384615384,75.0,10.76923076923077,64.23076923076923,70.96153846153845,16.955684007707127,28.901734104046245,33.140655105973025
L5145-TAMBORE,Regular,RMSP,SANTANA DE PARNAÍBA,242.0,242.0,84.29752066115702,7.851239669421488,7.851239669421488,76.44628099173553,73.14049586776859,14.87603305785124,58.264462809917354,70.99173553719008,15.702479338842975,25.6198347107438,19.834710743801654
L5241-ITAPEVI,Regular,RMSP,ITAPEVI,553.0,553.0,83.7251356238698,9.22242314647378,7.05244122965642,76.67269439421338,72.875226039783,14.828209764918626,58.047016274864376,71.08499095840867,22.06148282097649,27.848101265822784,30.198915009041592
L5281-OLIVEIRA FREIRE,Regular,Capital,SÃO PAULO,379.0,379.0,82.84960422163589,9.762532981530343,7.387862796833773,75.46174142480211,73.87862796833772,12.137203166226913,61.741424802110814,71.34564643799473,20.052770448548813,30.87071240105541,29.023746701846964
L5175-PARQUE SAO LUCAS,Regular,Capital,SÃO PAULO,675.0,675.0,83.25925925925925,10.37037037037037,6.37037037037037,76.88888888888889,71.70370370370371,12.444444444444445,59.25925925925927,71.6,21.62962962962963,35.25925925925926,30.814814814814817
L5135-402 ASA SUL,Regular,DF,BRASÍLIA,372.0,372.0,83.60215053763442,11.021505376344086,5.376344086021505,78.22580645161291,70.6989247311828,14.516129032258066,56.182795698924735,71.61290322580645,20.43010752688172,35.483870967741936,29.56989247311828
L5069-AGUA RASA (1322),Regular,Capital,SÃO PAULO,821.0,821.0,84.04384896467722,8.160779537149818,7.795371498172959,76.24847746650427,74.90864799025579,13.520097442143728,61.38855054811206,71.7904993909866,14.616321559074299,21.8026796589525,26.796589524969548
L5229-GLAUCIO GIL,Regular,RJ,RIO DE JANEIRO,630.0,630.0,83.33333333333334,9.682539682539684,6.984126984126984,76.34920634920636,72.6984126984127,11.26984126984127,61.42857142857142,71.87301587301587,20.476190476190474,28.41269841269841,29.523809523809526
L5168-SALTO,Regular,Interior,SALTO,458.0,458.0,82.09606986899564,12.663755458515283,5.240174672489083,76.85589519650657,73.7991266375546,13.318777292576419,60.48034934497817,71.94323144104804,20.305676855895197,30.131004366812224,32.532751091703055
L5239-CACAPAVA,Regular,Interior,CAÇAPAVA,383.0,383.0,82.24543080939948,11.22715404699739,6.527415143603134,75.71801566579634,74.67362924281984,11.488250652741515,63.18537859007833,71.95822454308095,19.321148825065272,35.50913838120104,36.55352480417754
L5181-RIBEIRAO PIRES,Regular,RMSP,RIBEIRÃO PIRES,678.0,678.0,83.77581120943954,8.997050147492626,7.227138643067847,76.54867256637169,74.63126843657817,12.684365781710916,61.94690265486725,72.16814159292036,18.289085545722713,25.663716814159294,28.761061946902654
L5146-ITATIBA,Regular,Interior,ITATIBA,558.0,558.0,84.22939068100358,10.931899641577061,4.838709677419355,79.39068100358422,70.43010752688173,15.053763440860216,55.37634408602151,72.1863799283154,23.835125448028673,33.33333333333333,34.946236559139784
L5235-LOUVEIRA,Tocadora/Germinare,Interior,LOUVEIRA,275.0,275.0,85.45454545454545,6.909090909090909,7.636363636363637,77.81818181818181,76.36363636363637,14.181818181818182,62.181818181818194,73.12727272727273,14.909090909090908,22.90909090909091,26.181818181818183
L5026-VILA MARIA (0818),Tocadora/Germinare,Capital,SÃO PAULO,416.0,416.0,84.61538461538461,7.9326923076923075,7.451923076923077,77.16346153846153,76.92307692307693,12.980769230769232,63.9423076923077,73.19711538461539,18.509615384615387,22.83653846153846,32.93269230769231
L5225-ARUJA,Regular,RMSP,ARUJÁ,305.0,305.0,82.95081967213115,10.163934426229508,6.885245901639345,76.0655737704918,77.04918032786885,10.163934426229508,66.88524590163935,73.31147540983606,17.704918032786885,25.245901639344265,28.196721311475407
L5179-VILA YARA,Regular,RMSP,OSASCO,856.0,858.0,84.03263403263404,7.925407925407925,8.041958041958042,75.990675990676,78.67132867132867,11.072261072261073,67.5990675990676,73.47319347319348,13.551401869158877,21.72897196261682,26.985981308411215
L5218-PARELHEIROS,Regular,Capital,SÃO PAULO,821.0,821.0,85.1400730816078,8.647990255785627,6.211936662606577,78.92813641900122,73.44701583434835,12.423873325213155,61.0231425091352,73.5566382460414,20.584652862362972,34.59196102314251,35.68818514007308
L5086-PORTAL DO MORUMBI (1352),Regular,Capital,SÃO PAULO,1396.0,1399.0,83.48820586132952,9.792709077912795,6.719085060757685,76.76912080057184,77.48391708363116,10.93638313080772,66.54753395282344,73.70264474624732,14.541547277936962,21.776504297994272,30.08595988538682
L5221-BARUERI (BETHAVILLE),Regular,RMSP,BARUERI,457.0,458.0,86.24454148471615,5.895196506550218,7.860262008733625,78.38427947598252,77.51091703056768,13.973799126637553,63.53711790393013,73.9301310043668,14.00437636761488,20.787746170678336,28.665207877461707
L5060-RIVIERA (1300),Sem flag,Litoral,BERTIOGA,401.0,402.0,85.57213930348259,6.218905472636816,8.208955223880597,77.363184079602,79.35323383084577,12.686567164179104,66.66666666666666,74.15422885572139,14.962593516209477,22.194513715710723,29.925187032418954
L5118-ARACATUBA,Regular,Interior,ARAÇATUBA,308.0,308.0,84.0909090909091,10.064935064935066,5.844155844155844,78.24675324675324,76.94805194805194,12.012987012987013,64.93506493506493,74.25324675324674,14.935064935064934,26.948051948051948,34.090909090909086
L5227-CRUZEIRO,Regular,Interior,CRUZEIRO,369.0,369.0,85.36585365853658,9.48509485094851,5.149051490514905,80.21680216802167,74.25474254742548,12.737127371273713,61.517615176151764,74.6070460704607,19.51219512195122,28.997289972899733,35.50135501355013
L5013-GRANJA VIANA (0545),Regular,RMSP,COTIA,759.0,759.0,86.42951251646905,5.797101449275362,7.7733860342556,78.65612648221345,78.52437417654808,13.043478260869565,65.48089591567852,74.70355731225297,13.965744400527008,16.600790513833992,23.45191040843215
L5151-PINDAMONHANGABA,Regular,Interior,PINDAMONHANGABA,367.0,367.0,87.46594005449592,7.901907356948229,4.632152588555858,82.83378746594006,71.11716621253406,15.258855585831062,55.858310626702995,74.74114441416893,21.525885558583106,28.337874659400548,31.607629427792915
L5290-SAO LOURENCO,Regular,Litoral,BERTIOGA,223.0,223.0,86.99551569506725,4.932735426008969,8.071748878923767,78.92376681614348,78.47533632286996,13.452914798206278,65.02242152466368,74.75336322869954,14.798206278026907,24.2152466367713,40.80717488789238
L5130-TUPI,Regular,Litoral,PRAIA GRANDE,899.0,899.0,84.98331479421579,8.120133481646272,6.896551724137931,78.08676307007785,79.08787541713015,10.678531701890991,68.40934371523916,75.18353726362623,14.349276974416018,22.246941045606228,29.92213570634038
L5259-ALL WAYS MALL,Regular,RJ,RIO DE JANEIRO,797.0,799.0,85.73216520650814,8.88610763454318,5.381727158948686,80.35043804755945,74.71839799749687,11.514392991239049,63.204005006257816,75.20650813516896,18.06775407779172,26.72521957340025,34.12797992471769
L5132-CANTO DO FORTE,Regular,Litoral,PRAIA GRANDE,790.0,790.0,85.69620253164557,9.240506329113925,5.063291139240507,80.63291139240506,75.9493670886076,11.518987341772153,64.43037974683546,75.77215189873418,19.746835443037973,27.848101265822784,27.72151898734177
L5172-PRESIDENTE PRUDENTE,Regular,Interior,PRESIDENTE PRUDENTE,660.0,660.0,85.9090909090909,10.151515151515152,3.939393939393939,81.96969696969697,73.48484848484848,11.969696969696969,61.515151515151516,75.83333333333333,19.696969696969695,32.57575757575758,36.96969696969697
L5284-25 DE AGOSTO,Regular,RJ,DUQUE DE CAXIAS,784.0,784.0,86.73469387755102,8.673469387755102,4.591836734693878,82.14285714285714,73.46938775510205,11.862244897959185,61.60714285714286,75.98214285714285,20.66326530612245,33.80102040816326,27.040816326530614
L5106-GUILHERMINA (1516),Regular,Litoral,PRAIA GRANDE,900.0,900.0,86.11111111111111,8.555555555555555,5.333333333333334,80.77777777777779,77.33333333333333,12.11111111111111,65.22222222222221,76.11111111111111,17.888888888888886,25.88888888888889,31.0
L5164-ITAPETININGA,Regular,Interior,ITAPETININGA,547.0,547.0,84.27787934186472,11.3345521023766,4.387568555758683,79.89031078610603,76.59963436928702,8.226691042047532,68.37294332723948,76.43510054844606,17.73308957952468,30.712979890310788,29.798903107861058
L5160-GUARATINGUETA,Regular,Interior,GUARATINGUETÁ,580.0,580.0,86.55172413793103,9.137931034482758,4.310344827586207,82.24137931034483,74.6551724137931,11.551724137931034,63.103448275862064,76.5,20.0,32.241379310344826,32.41379310344827
L5154-RIO CLARO,Regular,Interior,RIO CLARO,365.0,365.0,86.57534246575342,9.04109589041096,4.383561643835616,82.1917808219178,78.35616438356165,12.32876712328767,66.02739726027397,77.34246575342465,18.08219178082192,28.493150684931507,33.42465753424658
L5117-NOVA GRANADA,Regular,RMSP,OSASCO,1187.0,1203.0,86.78304239401497,7.148794679966749,6.068162926018288,80.71487946799668,81.62926018287614,9.14380714879468,72.48545303408146,78.24605153782211,12.973883740522323,20.893007582139848,26.79022746419545
L5195-LEME,Regular,Interior,LEME,362.0,362.0,89.50276243093923,4.696132596685083,5.801104972375691,83.70165745856353,81.49171270718232,9.392265193370166,72.09944751381215,80.22099447513811,12.70718232044199,21.2707182320442,32.32044198895028
L5140-OSASCO KM 18,Regular,RMSP,OSASCO,836.0,845.0,87.81065088757396,8.165680473372781,4.023668639053255,83.7869822485207,81.77514792899409,8.994082840236686,72.7810650887574,80.48520710059171,13.277511961722489,19.976076555023923,27.392344497607656
L5278-ITAPECERICA DA SERRA,Regular,RMSP,ITAPECERICA DA SERRA,877.0,883.0,88.56172140430351,7.361268403171008,4.077010192525481,84.48471121177803,81.42695356738392,9.28652321630804,72.14043035107588,80.78142695356738,13.683010262257698,19.384264538198405,23.603192702394526
L5016-ANDRADINA (0573),Regular,Interior,ANDRADINA,342.0,342.0,89.76608187134502,6.725146198830409,3.508771929824561,86.25730994152046,78.3625730994152,9.064327485380117,69.29824561403508,81.16959064327484,16.95906432748538,28.07017543859649,40.35087719298245
L5233-MONGAGUA,Regular,Litoral,MONGAGUÁ,778.0,778.0,88.56041131105398,7.969151670951156,3.470437017994859,85.08997429305913,80.20565552699229,7.840616966580977,72.3650385604113,81.27249357326478,15.167095115681233,29.43444730077121,32.26221079691517
L5246-MALL MULTI GERMINARE,Tocadora/Germinare,Capital,SÃO PAULO,335.0,336.0,90.77380952380952,4.761904761904762,4.464285714285714,86.30952380952381,79.76190476190477,9.523809523809524,70.23809523809526,81.48809523809524,16.716417910447763,27.164179104477608,30.74626865671642
L5197-LIMEIRA,Regular,Interior,LIMEIRA,456.0,456.0,89.47368421052632,6.798245614035088,3.7280701754385963,85.74561403508771,81.35964912280701,9.210526315789473,72.14912280701753,81.66666666666666,11.842105263157894,22.807017543859647,32.89473684210527
L5267-JAU,Regular,Interior,JAÚ,277.0,277.0,89.16967509025271,7.2202166064981945,3.6101083032490973,85.55956678700362,81.2274368231047,7.9422382671480145,73.28519855595668,81.87725631768953,15.162454873646208,23.826714801444044,32.851985559566785
